0;Micro;0.01327200;dummy;
1;Micro;5.43917703;b=b1/b2;
2;Micro;0.63605551;b=b1*b2;
3;Micro;0.44633588;b=b1+b2;
4;Micro;0.12961599;b=gl. var;
5;Micro;0.13117594;b=23;
6;Micro;0.38301599;b=b1 << 4;
7;Micro;0.31997606;b=b1 & 0x01;
8;Micro;0.13129597;b=bit(3);
9;Micro;0.13005601;b=bit(3)+bit(4)+bit(1);
10;Micro;41.45683288;l=l1/l2;
11;Micro;1.77393507;l=l1+l2;
12;Micro;6.13461446;l=l1*l2;
13;Micro;31.38482666;fl=fl1/fl2;
14;Micro;0.76201577;dbl=1.23;
15;Micro;27.21882247;dbl=dbl1/dbl2;
16;Micro;9.38853454;dbl=dbl1*dbl2;
17;Micro;7.92697572;dbl=dbl1+dbl2;
18;Micro;186.60681152;dbl=pow();
19;Micro;150.07427978;dbl=log(dbl2);
20;Micro;25.85643005;dbl=sqrt(dbl1);
21;Micro;136.35800170;dbl=tan(dbl1);
22;Micro;106.13709259;dbl=sin(dbl1);
23;Micro;6.32381772;digitalWrite(9,0);
24;Micro;6.45033645;digitalWrite(9,1);
25;Micro;0.12671201;PORTB=PORTB|2;
26;Micro;0.37946412;bool1=PORTB&4;
27;Micro;4.80337238;digitalRead();
28;Micro;110.80709838;analogRead();
29;Micro;92.81294250;b random();
30;Micro;92.33991241;l random();
31;Micro;0.71401572;b min();
32;Micro;1.01533615;if(dbl1<dbl2);;
33;Micro;0.25761592;if(b1<b2);;
34;Micro;1.14137578;abs(int);
35;Micro;1.22773599;constrain(int);
36;Micro;0.71405577;if(b1<b2)..;
37;Micro;0.25303997;fRetByte();
38;Micro;0.50588026;fRetInt();
39;Micro;1.01143598;fRetDbl();
40;Micro;4.21308755;fRetLong();
0;Micro;0.01327200;dummy;
1;Micro;5.43915414;b=b1/b2;
2;Micro;0.63571290;b=b1*b2;
3;Micro;0.44595317;b=b1+b2;
4;Micro;0.13123332;b=gl. var;
5;Micro;0.12939329;b=23;
6;Micro;0.38359329;b=b1 << 4;
7;Micro;0.32043349;b=b1 & 0x01;
8;Micro;0.12919330;b=bit(3);
9;Micro;0.13063329;b=bit(3)+bit(4)+bit(1);
10;Micro;41.15707015;l=l1/l2;
11;Micro;1.77355194;l=l1+l2;
12;Micro;6.13423347;l=l1*l2;
13;Micro;31.41441917;fl=fl1/fl2;
14;Micro;0.76247334;dbl=1.23;
15;Micro;25.23346900;dbl=dbl1/dbl2;
16;Micro;9.05431270;dbl=dbl1*dbl2;
17;Micro;7.97791433;dbl=dbl1+dbl2;
18;Micro;194.97625732;dbl=pow();
19;Micro;149.26347351;dbl=log(dbl2);
20;Micro;23.82986831;dbl=sqrt(dbl1);
21;Micro;131.93667602;dbl=tan(dbl1);
22;Micro;102.60616302;dbl=sin(dbl1);
23;Micro;6.32367420;digitalWrite(9,0);
24;Micro;6.45043373;digitalWrite(9,1);
25;Micro;0.12663331;PORTB=PORTB|2;
26;Micro;0.37944149;bool1=PORTB&4;
27;Micro;4.80334234;digitalRead();
28;Micro;110.80160522;analogRead();
29;Micro;92.81812286;b random();
30;Micro;92.33840179;l random();
31;Micro;0.73635296;b min();
32;Micro;1.01511347;if(dbl1<dbl2);;
33;Micro;0.25723326;if(b1<b2);;
34;Micro;1.14079320;abs(int);
35;Micro;1.23079359;constrain(int);
36;Micro;0.73663301;if(b1<b2)..;
37;Micro;0.25304136;fRetByte();
38;Micro;0.50586152;fRetInt();
39;Micro;1.01144528;fRetDbl();
40;Micro;3.94954471;fRetLong();
0;Micro;0.01327467;dummy;
1;Micro;5.43915891;b=b1/b2;
2;Micro;0.63587813;b=b1*b2;
3;Micro;0.44571847;b=b1+b2;
4;Micro;0.13107866;b=gl. var;
5;Micro;0.12987866;b=23;
6;Micro;0.38299858;b=b1 << 4;
7;Micro;0.32035877;b=b1 & 0x01;
8;Micro;0.12991863;b=bit(3);
9;Micro;0.13103864;b=bit(3)+bit(4)+bit(1);
10;Micro;41.02801895;l=l1/l2;
11;Micro;1.77411723;l=l1+l2;
12;Micro;6.13407897;l=l1*l2;
13;Micro;31.36774444;fl=fl1/fl2;
14;Micro;0.76263847;dbl=1.23;
15;Micro;25.95121574;dbl=dbl1/dbl2;
16;Micro;9.14795875;dbl=dbl1*dbl2;
17;Micro;8.03539943;dbl=dbl1+dbl2;
18;Micro;187.94242858;dbl=pow();
19;Micro;149.57025146;dbl=log(dbl2);
20;Micro;24.54761314;dbl=sqrt(dbl1);
21;Micro;132.00399780;dbl=tan(dbl1);
22;Micro;103.78706359;dbl=sin(dbl1);
23;Micro;6.32395887;digitalWrite(9,0);
24;Micro;6.45043754;digitalWrite(9,1);
25;Micro;0.12663471;PORTB=PORTB|2;
26;Micro;0.37944278;bool1=PORTB&4;
27;Micro;4.80325508;digitalRead();
28;Micro;110.81092071;analogRead();
29;Micro;92.80760955;b random();
30;Micro;92.34336090;l random();
31;Micro;0.73451833;b min();
32;Micro;1.01539874;if(dbl1<dbl2);;
33;Micro;0.25615854;if(b1<b2);;
34;Micro;1.14239847;abs(int);
35;Micro;1.20975911;constrain(int);
36;Micro;0.73439846;if(b1<b2)..;
37;Micro;0.25304672;fRetByte();
38;Micro;0.50588283;fRetInt();
39;Micro;1.01150250;fRetDbl();
40;Micro;4.09995746;fRetLong();
0;Micro;0.01327200;dummy;
1;Micro;5.43883466;b=b1/b2;
2;Micro;0.63579416;b=b1*b2;
3;Micro;0.44599456;b=b1+b2;
4;Micro;0.13047468;b=gl. var;
5;Micro;0.13047468;b=23;
6;Micro;0.38347471;b=b1 << 4;
7;Micro;0.32011482;b=b1 & 0x01;
8;Micro;0.13055467;b=bit(3);
9;Micro;0.13059465;b=bit(3)+bit(4)+bit(1);
10;Micro;41.40466690;l=l1/l2;
11;Micro;1.77343368;l=l1+l2;
12;Micro;6.13395404;l=l1*l2;
13;Micro;31.34093666;fl=fl1/fl2;
14;Micro;0.76247453;dbl=1.23;
15;Micro;26.38694381;dbl=dbl1/dbl2;
16;Micro;9.24643516;dbl=dbl1*dbl2;
17;Micro;7.94847488;dbl=dbl1+dbl2;
18;Micro;165.32986450;dbl=pow();
19;Micro;148.24172973;dbl=log(dbl2);
20;Micro;25.00760459;dbl=sqrt(dbl1);
21;Micro;134.25079345;dbl=tan(dbl1);
22;Micro;104.63201904;dbl=sin(dbl1);
23;Micro;6.32395648;digitalWrite(9,0);
24;Micro;6.45031356;digitalWrite(9,1);
25;Micro;0.12656666;PORTB=PORTB|2;
26;Micro;0.37953491;bool1=PORTB&4;
27;Micro;4.80332326;digitalRead();
28;Micro;110.80228424;analogRead();
29;Micro;92.81158447;b random();
30;Micro;92.33946990;l random();
31;Micro;0.72131419;b min();
32;Micro;1.01527476;if(dbl1<dbl2);;
33;Micro;0.25639452;if(b1<b2);;
34;Micro;1.14087426;abs(int);
35;Micro;1.22691488;constrain(int);
36;Micro;0.72139449;if(b1<b2)..;
37;Micro;0.25291869;fRetByte();
38;Micro;0.50584688;fRetInt();
39;Micro;1.01146650;fRetDbl();
40;Micro;4.31548690;fRetLong();
0;Micro;0.01327467;dummy;
1;Micro;5.43929481;b=b1/b2;
2;Micro;0.63609290;b=b1*b2;
3;Micro;0.44549331;b=b1+b2;
4;Micro;0.12981333;b=gl. var;
5;Micro;0.13053332;b=23;
6;Micro;0.38281343;b=b1 << 4;
7;Micro;0.32001349;b=b1 & 0x01;
8;Micro;0.13065327;b=bit(3);
9;Micro;0.13033330;b=bit(3)+bit(4)+bit(1);
10;Micro;41.10496139;l=l1/l2;
11;Micro;1.77373180;l=l1+l2;
12;Micro;6.13501214;l=l1*l2;
13;Micro;31.17482757;fl=fl1/fl2;
14;Micro;0.76177315;dbl=1.23;
15;Micro;27.52096176;dbl=dbl1/dbl2;
16;Micro;9.42789173;dbl=dbl1*dbl2;
17;Micro;7.96273231;dbl=dbl1+dbl2;
18;Micro;206.70227050;dbl=pow();
19;Micro;149.79777526;dbl=log(dbl2);
20;Micro;26.39656448;dbl=sqrt(dbl1);
21;Micro;136.41136169;dbl=tan(dbl1);
22;Micro;107.16574096;dbl=sin(dbl1);
23;Micro;6.32369518;digitalWrite(9,0);
24;Micro;6.45017385;digitalWrite(9,1);
25;Micro;0.12668137;PORTB=PORTB|2;
26;Micro;0.37946546;bool1=PORTB&4;
27;Micro;4.80335378;digitalRead();
28;Micro;110.79827880;analogRead();
29;Micro;92.82080078;b random();
30;Micro;92.33963012;l random();
31;Micro;0.73025298;b min();
32;Micro;1.01473355;if(dbl1<dbl2);;
33;Micro;0.25693323;if(b1<b2);;
34;Micro;1.14189326;abs(int);
35;Micro;1.20341372;constrain(int);
36;Micro;0.73097300;if(b1<b2)..;
37;Micro;0.25306544;fRetByte();
38;Micro;0.50593357;fRetInt();
39;Micro;1.01142930;fRetDbl();
40;Micro;3.95960044;fRetLong();
0;Micro;0.01327333;dummy;
1;Micro;5.43955564;b=b1/b2;
2;Micro;0.63607559;b=b1*b2;
3;Micro;0.44551601;b=b1+b2;
4;Micro;0.12975598;b=gl. var;
5;Micro;0.13027597;b=23;
6;Micro;0.38295593;b=b1 << 4;
7;Micro;0.31995620;b=b1 & 0x01;
8;Micro;0.13047598;b=bit(3);
9;Micro;0.13063596;b=bit(3)+bit(4)+bit(1);
10;Micro;41.15253829;l=l1/l2;
11;Micro;1.77331438;l=l1+l2;
12;Micro;6.13387632;l=l1*l2;
13;Micro;31.47361373;fl=fl1/fl2;
14;Micro;0.76239581;dbl=1.23;
15;Micro;26.05187416;dbl=dbl1/dbl2;
16;Micro;9.17499351;dbl=dbl1*dbl2;
17;Micro;7.97635316;dbl=dbl1+dbl2;
18;Micro;196.55059814;dbl=pow();
19;Micro;148.46105957;dbl=log(dbl2);
20;Micro;24.76974678;dbl=sqrt(dbl1);
21;Micro;132.84640502;dbl=tan(dbl1);
22;Micro;104.28837585;dbl=sin(dbl1);
23;Micro;6.32399702;digitalWrite(9,0);
24;Micro;6.44967603;digitalWrite(9,1);
25;Micro;0.12663199;PORTB=PORTB|2;
26;Micro;0.37940416;bool1=PORTB&4;
27;Micro;4.80336380;digitalRead();
28;Micro;110.80747985;analogRead();
29;Micro;92.81919097;b random();
30;Micro;92.34134674;l random();
31;Micro;0.72123551;b min();
32;Micro;1.01535606;if(dbl1<dbl2);;
33;Micro;0.25639591;if(b1<b2);;
34;Micro;1.14171588;abs(int);
35;Micro;1.22403669;constrain(int);
36;Micro;0.72107558;if(b1<b2)..;
37;Micro;0.25301206;fRetByte();
38;Micro;0.50586013;fRetInt();
39;Micro;1.01139211;fRetDbl();
40;Micro;4.29395246;fRetLong();
0;Micro;0.01327333;dummy;
1;Micro;5.43901491;b=b1/b2;
2;Micro;0.63585414;b=b1*b2;
3;Micro;0.44649448;b=b1+b2;
4;Micro;0.12993464;b=gl. var;
5;Micro;0.13061466;b=23;
6;Micro;0.38337467;b=b1 << 4;
7;Micro;0.32013475;b=b1 & 0x01;
8;Micro;0.13041462;b=bit(3);
9;Micro;0.13125466;b=bit(3)+bit(4)+bit(1);
10;Micro;41.19602584;l=l1/l2;
11;Micro;1.77353343;l=l1+l2;
12;Micro;6.13445615;l=l1*l2;
13;Micro;31.13495826;fl=fl1/fl2;
14;Micro;0.76225452;dbl=1.23;
15;Micro;27.01562690;dbl=dbl1/dbl2;
16;Micro;9.34505271;dbl=dbl1*dbl2;
17;Micro;7.95681285;dbl=dbl1+dbl2;
18;Micro;184.36866760;dbl=pow();
19;Micro;149.04179382;dbl=log(dbl2);
20;Micro;25.64869689;dbl=sqrt(dbl1);
21;Micro;134.86067199;dbl=tan(dbl1);
22;Micro;105.76493835;dbl=sin(dbl1);
23;Micro;6.32441663;digitalWrite(9,0);
24;Micro;6.45041275;digitalWrite(9,1);
25;Micro;0.12666667;PORTB=PORTB|2;
26;Micro;0.37946674;bool1=PORTB&4;
27;Micro;4.80327510;digitalRead();
28;Micro;110.80937194;analogRead();
29;Micro;92.82015991;b random();
30;Micro;92.34004211;l random();
31;Micro;0.71725435;b min();
32;Micro;1.01525461;if(dbl1<dbl2);;
33;Micro;0.25685453;if(b1<b2);;
34;Micro;1.14157450;abs(int);
35;Micro;1.23953473;constrain(int);
36;Micro;0.71753425;if(b1<b2)..;
37;Micro;0.25308675;fRetByte();
38;Micro;0.50591092;fRetInt();
39;Micro;1.01150667;fRetDbl();
40;Micro;4.14792299;fRetLong();
0;Micro;0.01327467;dummy;
1;Micro;5.43926429;b=b1/b2;
2;Micro;0.63578486;b=b1*b2;
3;Micro;0.44626526;b=b1+b2;
4;Micro;0.13086533;b=gl. var;
5;Micro;0.13050533;b=23;
6;Micro;0.38350522;b=b1 << 4;
7;Micro;0.31950550;b=b1 & 0x01;
8;Micro;0.13038532;b=bit(3);
9;Micro;0.13026529;b=bit(3)+bit(4)+bit(1);
10;Micro;41.18719100;l=l1/l2;
11;Micro;1.77366456;l=l1+l2;
12;Micro;6.13466358;l=l1*l2;
13;Micro;31.41706466;fl=fl1/fl2;
14;Micro;0.76258525;dbl=1.23;
15;Micro;26.52640151;dbl=dbl1/dbl2;
16;Micro;9.26686668;dbl=dbl1*dbl2;
17;Micro;8.00678443;dbl=dbl1+dbl2;
18;Micro;189.44036865;dbl=pow();
19;Micro;149.47918701;dbl=log(dbl2);
20;Micro;25.13333320;dbl=sqrt(dbl1);
21;Micro;133.81881713;dbl=tan(dbl1);
22;Micro;104.87400054;dbl=sin(dbl1);
23;Micro;6.32314777;digitalWrite(9,0);
24;Micro;6.45058488;digitalWrite(9,1);
25;Micro;0.12667728;PORTB=PORTB|2;
26;Micro;0.37944955;bool1=PORTB&4;
27;Micro;4.80332517;digitalRead();
28;Micro;110.80853271;analogRead();
29;Micro;92.81747436;b random();
30;Micro;92.34066772;l random();
31;Micro;0.71906509;b min();
32;Micro;1.01526546;if(dbl1<dbl2);;
33;Micro;0.25658521;if(b1<b2);;
34;Micro;1.14170503;abs(int);
35;Micro;1.23222529;constrain(int);
36;Micro;0.71914510;if(b1<b2)..;
37;Micro;0.25300145;fRetByte();
38;Micro;0.50586152;fRetInt();
39;Micro;1.01142132;fRetDbl();
40;Micro;4.18335771;fRetLong();
0;Micro;0.01327467;dummy;
1;Micro;5.43895864;b=b1/b2;
2;Micro;0.63583683;b=b1*b2;
3;Micro;0.44651737;b=b1+b2;
4;Micro;0.13007731;b=gl. var;
5;Micro;0.13095729;b=23;
6;Micro;0.38335731;b=b1 << 4;
7;Micro;0.31955742;b=b1 & 0x01;
8;Micro;0.13095726;b=bit(3);
9;Micro;0.13003724;b=bit(3)+bit(4)+bit(1);
10;Micro;41.14253234;l=l1/l2;
11;Micro;1.77355632;l=l1+l2;
12;Micro;6.13467645;l=l1*l2;
13;Micro;31.14108085;fl=fl1/fl2;
14;Micro;0.76247739;dbl=1.23;
15;Micro;25.82641601;dbl=dbl1/dbl2;
16;Micro;9.15279579;dbl=dbl1*dbl2;
17;Micro;7.94036006;dbl=dbl1+dbl2;
18;Micro;181.32800292;dbl=pow();
19;Micro;150.55281066;dbl=log(dbl2);
20;Micro;24.35667991;dbl=sqrt(dbl1);
21;Micro;131.08518981;dbl=tan(dbl1);
22;Micro;103.47879791;dbl=sin(dbl1);
23;Micro;6.32319879;digitalWrite(9,0);
24;Micro;6.45051813;digitalWrite(9,1);
25;Micro;0.12664933;PORTB=PORTB|2;
26;Micro;0.37950551;bool1=PORTB&4;
27;Micro;4.80325031;digitalRead();
28;Micro;110.79974365;analogRead();
29;Micro;92.81212615;b random();
30;Micro;92.34416198;l random();
31;Micro;0.74187698;b min();
32;Micro;1.01511752;if(dbl1<dbl2);;
33;Micro;0.25687718;if(b1<b2);;
34;Micro;1.14187717;abs(int);
35;Micro;1.23419761;constrain(int);
36;Micro;0.74199705;if(b1<b2)..;
37;Micro;0.25301337;fRetByte();
38;Micro;0.50586557;fRetInt();
39;Micro;1.01150929;fRetDbl();
40;Micro;4.26614856;fRetLong();
0;Micro;0.01327333;dummy;
1;Micro;5.43899250;b=b1/b2;
2;Micro;0.63595027;b=b1*b2;
3;Micro;0.44583072;b=b1+b2;
4;Micro;0.13047068;b=gl. var;
5;Micro;0.12991065;b=23;
6;Micro;0.38255076;b=b1 << 4;
7;Micro;0.32067081;b=b1 & 0x01;
8;Micro;0.13031064;b=bit(3);
9;Micro;0.13047064;b=bit(3)+bit(4)+bit(1);
10;Micro;41.27947235;l=l1/l2;
11;Micro;1.77358951;l=l1+l2;
12;Micro;6.13438892;l=l1*l2;
13;Micro;31.41253471;fl=fl1/fl2;
14;Micro;0.76171088;dbl=1.23;
15;Micro;25.92239761;dbl=dbl1/dbl2;
16;Micro;9.21602821;dbl=dbl1*dbl2;
17;Micro;7.86303043;dbl=dbl1+dbl2;
18;Micro;177.38610839;dbl=pow();
19;Micro;148.82357788;dbl=log(dbl2);
20;Micro;24.48227119;dbl=sqrt(dbl1);
21;Micro;133.97186279;dbl=tan(dbl1);
22;Micro;103.72944641;dbl=sin(dbl1);
23;Micro;6.32311201;digitalWrite(9,0);
24;Micro;6.45078992;digitalWrite(9,1);
25;Micro;0.12664268;PORTB=PORTB|2;
26;Micro;0.37947082;bool1=PORTB&4;
27;Micro;4.80325460;digitalRead();
28;Micro;110.80213928;analogRead();
29;Micro;92.81652069;b random();
30;Micro;92.34375000;l random();
31;Micro;0.70815029;b min();
32;Micro;1.01567089;if(dbl1<dbl2);;
33;Micro;0.25647058;if(b1<b2);;
34;Micro;1.14147043;abs(int);
35;Micro;1.22271072;constrain(int);
36;Micro;0.70787029;if(b1<b2)..;
37;Micro;0.25303874;fRetByte();
38;Micro;0.50585088;fRetInt();
39;Micro;1.01148676;fRetDbl();
40;Micro;4.10374259;fRetLong();
0;Micro;0.01327200;dummy;
1;Micro;5.43890380;b=b1/b2;
2;Micro;0.63582224;b=b1*b2;
3;Micro;0.44658260;b=b1+b2;
4;Micro;0.12990270;b=gl. var;
5;Micro;0.13054268;b=23;
6;Micro;0.38282249;b=b1 << 4;
7;Micro;0.31906282;b=b1 & 0x01;
8;Micro;0.13138264;b=bit(3);
9;Micro;0.13006267;b=bit(3)+bit(4)+bit(1);
10;Micro;41.43412780;l=l1/l2;
11;Micro;1.77326107;l=l1+l2;
12;Micro;6.13418197;l=l1*l2;
13;Micro;31.41666221;fl=fl1/fl2;
14;Micro;0.76202239;dbl=1.23;
15;Micro;25.21266174;dbl=dbl1/dbl2;
16;Micro;9.01446056;dbl=dbl1*dbl2;
17;Micro;7.80622243;dbl=dbl1+dbl2;
18;Micro;169.90835571;dbl=pow();
19;Micro;149.51986694;dbl=log(dbl2);
20;Micro;23.78239440;dbl=sqrt(dbl1);
21;Micro;128.47879028;dbl=tan(dbl1);
22;Micro;102.40345001;dbl=sin(dbl1);
23;Micro;6.32370185;digitalWrite(9,0);
24;Micro;6.45078086;digitalWrite(9,1);
25;Micro;0.12659468;PORTB=PORTB|2;
26;Micro;0.37947080;bool1=PORTB&4;
27;Micro;4.80333089;digitalRead();
28;Micro;110.80641937;analogRead();
29;Micro;92.82091522;b random();
30;Micro;92.33784484;l random();
31;Micro;0.75126228;b min();
32;Micro;1.01530301;if(dbl1<dbl2);;
33;Micro;0.25654258;if(b1<b2);;
34;Micro;1.14146256;abs(int);
35;Micro;1.27258265;constrain(int);
36;Micro;0.75198230;if(b1<b2)..;
37;Micro;0.25293865;fRetByte();
38;Micro;0.50583481;fRetInt();
39;Micro;1.01139473;fRetDbl();
40;Micro;4.07908248;fRetLong();
0;Micro;0.01327200;dummy;
1;Micro;5.43978166;b=b1/b2;
2;Micro;0.63589959;b=b1*b2;
3;Micro;0.44665980;b=b1+b2;
4;Micro;0.13081997;b=gl. var;
5;Micro;0.13037997;b=23;
6;Micro;0.38289999;b=b1 << 4;
7;Micro;0.32022011;b=b1 & 0x01;
8;Micro;0.13013999;b=bit(3);
9;Micro;0.13085997;b=bit(3)+bit(4)+bit(1);
10;Micro;41.56510162;l=l1/l2;
11;Micro;1.77385926;l=l1+l2;
12;Micro;6.13405942;l=l1*l2;
13;Micro;31.38043785;fl=fl1/fl2;
14;Micro;0.76229977;dbl=1.23;
15;Micro;27.62056350;dbl=dbl1/dbl2;
16;Micro;9.47337913;dbl=dbl1*dbl2;
17;Micro;7.92401790;dbl=dbl1+dbl2;
18;Micro;177.13867187;dbl=pow();
19;Micro;149.57946777;dbl=log(dbl2);
20;Micro;26.02962875;dbl=sqrt(dbl1);
21;Micro;138.90524291;dbl=tan(dbl1);
22;Micro;106.49429321;dbl=sin(dbl1);
23;Micro;6.32338190;digitalWrite(9,0);
24;Micro;6.45053815;digitalWrite(9,1);
25;Micro;0.12663601;PORTB=PORTB|2;
26;Micro;0.37946412;bool1=PORTB&4;
27;Micro;4.80339241;digitalRead();
28;Micro;110.80216979;analogRead();
29;Micro;92.81269836;b random();
30;Micro;92.34123229;l random();
31;Micro;0.74397969;b min();
32;Micro;1.01490008;if(dbl1<dbl2);;
33;Micro;0.25745983;if(b1<b2);;
34;Micro;1.14109981;abs(int);
35;Micro;1.19186008;constrain(int);
36;Micro;0.74385967;if(b1<b2)..;
37;Micro;0.25305204;fRetByte();
38;Micro;0.50583620;fRetInt();
39;Micro;1.01146805;fRetDbl();
40;Micro;4.12081623;fRetLong();
0;Micro;0.01327333;dummy;
1;Micro;5.43949413;b=b1/b2;
2;Micro;0.63613295;b=b1*b2;
3;Micro;0.44673323;b=b1+b2;
4;Micro;0.12969336;b=gl. var;
5;Micro;0.13101333;b=23;
6;Micro;0.38309333;b=b1 << 4;
7;Micro;0.31957342;b=b1 & 0x01;
8;Micro;0.13085331;b=bit(3);
9;Micro;0.13009331;b=bit(3)+bit(4)+bit(1);
10;Micro;41.18802642;l=l1/l2;
11;Micro;1.77357196;l=l1+l2;
12;Micro;6.13457298;l=l1*l2;
13;Micro;31.38349533;fl=fl1/fl2;
14;Micro;0.76241321;dbl=1.23;
15;Micro;24.45108795;dbl=dbl1/dbl2;
16;Micro;8.90649223;dbl=dbl1*dbl2;
17;Micro;7.92493295;dbl=dbl1+dbl2;
18;Micro;156.72308349;dbl=pow();
19;Micro;150.54591369;dbl=log(dbl2);
20;Micro;22.83802795;dbl=sqrt(dbl1);
21;Micro;129.68457031;dbl=tan(dbl1);
22;Micro;100.80190277;dbl=sin(dbl1);
23;Micro;6.32361412;digitalWrite(9,0);
24;Micro;6.45073223;digitalWrite(9,1);
25;Micro;0.12665331;PORTB=PORTB|2;
26;Micro;0.37947752;bool1=PORTB&4;
27;Micro;4.80342578;digitalRead();
28;Micro;110.80312347;analogRead();
29;Micro;92.81243133;b random();
30;Micro;92.34017944;l random();
31;Micro;0.73461303;b min();
32;Micro;1.01449322;if(dbl1<dbl2);;
33;Micro;0.25677320;if(b1<b2);;
34;Micro;1.14173305;abs(int);
35;Micro;1.26757347;constrain(int);
36;Micro;0.73405303;if(b1<b2)..;
37;Micro;0.25302543;fRetByte();
38;Micro;0.50588154;fRetInt();
39;Micro;1.01144516;fRetDbl();
40;Micro;4.12964963;fRetLong();
0;Micro;0.01327333;dummy;
1;Micro;5.43888139;b=b1/b2;
2;Micro;0.63591957;b=b1*b2;
3;Micro;0.44620008;b=b1+b2;
4;Micro;0.13051998;b=gl. var;
5;Micro;0.13055994;b=23;
6;Micro;0.38279991;b=b1 << 4;
7;Micro;0.32048010;b=b1 & 0x01;
8;Micro;0.13067996;b=bit(3);
9;Micro;0.13087997;b=bit(3)+bit(4)+bit(1);
10;Micro;41.25441741;l=l1/l2;
11;Micro;1.77335834;l=l1+l2;
12;Micro;6.13435983;l=l1*l2;
13;Micro;31.36374282;fl=fl1/fl2;
14;Micro;0.76235985;dbl=1.23;
15;Micro;25.93988609;dbl=dbl1/dbl2;
16;Micro;9.18243694;dbl=dbl1*dbl2;
17;Micro;7.94427919;dbl=dbl1+dbl2;
18;Micro;187.52534484;dbl=pow();
19;Micro;149.44055175;dbl=log(dbl2);
20;Micro;24.69281196;dbl=sqrt(dbl1);
21;Micro;131.99945068;dbl=tan(dbl1);
22;Micro;104.10148620;dbl=sin(dbl1);
23;Micro;6.32424068;digitalWrite(9,0);
24;Micro;6.44992065;digitalWrite(9,1);
25;Micro;0.12668399;PORTB=PORTB|2;
26;Micro;0.37944421;bool1=PORTB&4;
27;Micro;4.80331182;digitalRead();
28;Micro;110.79869079;analogRead();
29;Micro;92.81546783;b random();
30;Micro;92.33575439;l random();
31;Micro;0.72547960;b min();
32;Micro;1.01516008;if(dbl1<dbl2);;
33;Micro;0.25595986;if(b1<b2);;
34;Micro;1.14071965;abs(int);
35;Micro;1.21988058;constrain(int);
36;Micro;0.72495946;if(b1<b2)..;
37;Micro;0.25310409;fRetByte();
38;Micro;0.50589618;fRetInt();
39;Micro;1.01144409;fRetDbl();
40;Micro;4.11002445;fRetLong();
0;Micro;0.01327333;dummy;
1;Micro;5.43991327;b=b1/b2;
2;Micro;0.63623147;b=b1*b2;
3;Micro;0.44547181;b=b1+b2;
4;Micro;0.12987196;b=gl. var;
5;Micro;0.13063197;b=23;
6;Micro;0.38263187;b=b1 << 4;
7;Micro;0.32067217;b=b1 & 0x01;
8;Micro;0.13003196;b=bit(3);
9;Micro;0.13071198;b=bit(3)+bit(4)+bit(1);
10;Micro;41.16627502;l=l1/l2;
11;Micro;1.77363061;l=l1+l2;
12;Micro;6.13406991;l=l1*l2;
13;Micro;31.05759811;fl=fl1/fl2;
14;Micro;0.76271162;dbl=1.23;
15;Micro;27.55174255;dbl=dbl1/dbl2;
16;Micro;9.42846965;dbl=dbl1*dbl2;
17;Micro;7.99047374;dbl=dbl1+dbl2;
18;Micro;191.13330078;dbl=pow();
19;Micro;150.12680053;dbl=log(dbl2);
20;Micro;26.03254127;dbl=sqrt(dbl1);
21;Micro;137.92115783;dbl=tan(dbl1);
22;Micro;106.45012664;dbl=sin(dbl1);
23;Micro;6.32387208;digitalWrite(9,0);
24;Micro;6.45047187;digitalWrite(9,1);
25;Micro;0.12660801;PORTB=PORTB|2;
26;Micro;0.37944817;bool1=PORTB&4;
27;Micro;4.80337285;digitalRead();
28;Micro;110.79733276;analogRead();
29;Micro;92.82333374;b random();
30;Micro;92.34092712;l random();
31;Micro;0.73291168;b min();
32;Micro;1.01531183;if(dbl1<dbl2);;
33;Micro;0.25631189;if(b1<b2);;
34;Micro;1.14159166;abs(int);
35;Micro;1.21539235;constrain(int);
36;Micro;0.73243165;if(b1<b2)..;
37;Micro;0.25304410;fRetByte();
38;Micro;0.50583219;fRetInt();
39;Micro;1.01142799;fRetDbl();
40;Micro;4.07589960;fRetLong();
0;Micro;0.01327333;dummy;
1;Micro;5.43936777;b=b1/b2;
2;Micro;0.63628616;b=b1*b2;
3;Micro;0.44724664;b=b1+b2;
4;Micro;0.12956665;b=gl. var;
5;Micro;0.13092665;b=23;
6;Micro;0.38308656;b=b1 << 4;
7;Micro;0.32016685;b=b1 & 0x01;
8;Micro;0.13036665;b=bit(3);
9;Micro;0.13012664;b=bit(3)+bit(4)+bit(1);
10;Micro;41.04896163;l=l1/l2;
11;Micro;1.77396574;l=l1+l2;
12;Micro;6.13356637;l=l1*l2;
13;Micro;31.38669013;fl=fl1/fl2;
14;Micro;0.76192660;dbl=1.23;
15;Micro;25.97201919;dbl=dbl1/dbl2;
16;Micro;9.18816566;dbl=dbl1*dbl2;
17;Micro;7.91668415;dbl=dbl1+dbl2;
18;Micro;184.34223937;dbl=pow();
19;Micro;147.76588439;dbl=log(dbl2);
20;Micro;24.64134979;dbl=sqrt(dbl1);
21;Micro;132.26884460;dbl=tan(dbl1);
22;Micro;104.00508117;dbl=sin(dbl1);
23;Micro;6.32404947;digitalWrite(9,0);
24;Micro;6.45016670;digitalWrite(9,1);
25;Micro;0.12670265;PORTB=PORTB|2;
26;Micro;0.37937476;bool1=PORTB&4;
27;Micro;4.80331516;digitalRead();
28;Micro;110.80082702;analogRead();
29;Micro;92.82135772;b random();
30;Micro;92.34055328;l random();
31;Micro;0.74248642;b min();
32;Micro;1.01512682;if(dbl1<dbl2);;
33;Micro;0.25632655;if(b1<b2);;
34;Micro;1.14168655;abs(int);
35;Micro;1.23136687;constrain(int);
36;Micro;0.74240636;if(b1<b2)..;
37;Micro;0.25305871;fRetByte();
38;Micro;0.50591092;fRetInt();
39;Micro;1.01143467;fRetDbl();
40;Micro;4.25920343;fRetLong();
0;Micro;0.01327333;dummy;
1;Micro;5.43832206;b=b1/b2;
2;Micro;0.63611946;b=b1*b2;
3;Micro;0.44675979;b=b1+b2;
4;Micro;0.13071999;b=gl. var;
5;Micro;0.13035998;b=23;
6;Micro;0.38355991;b=b1 << 4;
7;Micro;0.31940009;b=b1 & 0x01;
8;Micro;0.13087997;b=bit(3);
9;Micro;0.12991999;b=bit(3)+bit(4)+bit(1);
10;Micro;41.00934982;l=l1/l2;
11;Micro;1.77355899;l=l1+l2;
12;Micro;6.13399839;l=l1*l2;
13;Micro;31.37602043;fl=fl1/fl2;
14;Micro;0.76215982;dbl=1.23;
15;Micro;27.33641815;dbl=dbl1/dbl2;
16;Micro;9.40395832;dbl=dbl1*dbl2;
17;Micro;8.01559829;dbl=dbl1+dbl2;
18;Micro;203.25494384;dbl=pow();
19;Micro;147.53588867;dbl=log(dbl2);
20;Micro;25.97814750;dbl=sqrt(dbl1);
21;Micro;135.66773986;dbl=tan(dbl1);
22;Micro;106.36387634;dbl=sin(dbl1);
23;Micro;6.32448244;digitalWrite(9,0);
24;Micro;6.45035886;digitalWrite(9,1);
25;Micro;0.12662796;PORTB=PORTB|2;
26;Micro;0.37944006;bool1=PORTB&4;
27;Micro;4.80335712;digitalRead();
28;Micro;110.80092620;analogRead();
29;Micro;92.81679534;b random();
30;Micro;92.34429931;l random();
31;Micro;0.73599967;b min();
32;Micro;1.01511991;if(dbl1<dbl2);;
33;Micro;0.25671992;if(b1<b2);;
34;Micro;1.14119970;abs(int);
35;Micro;1.22732031;constrain(int);
36;Micro;0.73691978;if(b1<b2)..;
37;Micro;0.25308406;fRetByte();
38;Micro;0.50586023;fRetInt();
39;Micro;1.01147198;fRetDbl();
40;Micro;3.98236389;fRetLong();
0;Micro;0.01327467;dummy;
1;Micro;5.43873596;b=b1/b2;
2;Micro;0.63617415;b=b1*b2;
3;Micro;0.44725456;b=b1+b2;
4;Micro;0.13041461;b=gl. var;
5;Micro;0.13121463;b=23;
6;Micro;0.38377464;b=b1 << 4;
7;Micro;0.31977477;b=b1 & 0x01;
8;Micro;0.13061463;b=bit(3);
9;Micro;0.13013464;b=bit(3)+bit(4)+bit(1);
10;Micro;41.25188827;l=l1/l2;
11;Micro;1.77341403;l=l1+l2;
12;Micro;6.13417434;l=l1*l2;
13;Micro;31.45042800;fl=fl1/fl2;
14;Micro;0.76221461;dbl=1.23;
15;Micro;27.38695716;dbl=dbl1/dbl2;
16;Micro;9.40681362;dbl=dbl1*dbl2;
17;Micro;7.92637395;dbl=dbl1+dbl2;
18;Micro;190.62953186;dbl=pow();
19;Micro;149.87965393;dbl=log(dbl2);
20;Micro;26.17922782;dbl=sqrt(dbl1);
21;Micro;136.81166076;dbl=tan(dbl1);
22;Micro;106.72909545;dbl=sin(dbl1);
23;Micro;6.32385635;digitalWrite(9,0);
24;Micro;6.45001506;digitalWrite(9,1);
25;Micro;0.12666667;PORTB=PORTB|2;
26;Micro;0.37941875;bool1=PORTB&4;
27;Micro;4.80339097;digitalRead();
28;Micro;110.80097961;analogRead();
29;Micro;92.82044219;b random();
30;Micro;92.33858489;l random();
31;Micro;0.72913436;b min();
32;Micro;1.01565468;if(dbl1<dbl2);;
33;Micro;0.25665459;if(b1<b2);;
34;Micro;1.14141440;abs(int);
35;Micro;1.22621488;constrain(int);
36;Micro;0.72865447;if(b1<b2)..;
37;Micro;0.25314676;fRetByte();
38;Micro;0.50592288;fRetInt();
39;Micro;1.01145076;fRetDbl();
40;Micro;4.23329496;fRetLong();
0;Micro;0.01327333;dummy;
1;Micro;5.43920469;b=b1/b2;
2;Micro;0.63592348;b=b1*b2;
3;Micro;0.44620380;b=b1+b2;
4;Micro;0.13036398;b=gl. var;
5;Micro;0.13096399;b=23;
6;Micro;0.38292396;b=b1 << 4;
7;Micro;0.32028417;b=b1 & 0x01;
8;Micro;0.13092397;b=bit(3);
9;Micro;0.12984397;b=bit(3)+bit(4)+bit(1);
10;Micro;41.17441558;l=l1/l2;
11;Micro;1.77320280;l=l1+l2;
12;Micro;6.13464212;l=l1*l2;
13;Micro;31.17975425;fl=fl1/fl2;
14;Micro;0.76216392;dbl=1.23;
15;Micro;25.44561958;dbl=dbl1/dbl2;
16;Micro;9.08856201;dbl=dbl1*dbl2;
17;Micro;7.94240427;dbl=dbl1+dbl2;
18;Micro;191.89692687;dbl=pow();
19;Micro;150.04309082;dbl=log(dbl2);
20;Micro;23.98734855;dbl=sqrt(dbl1);
21;Micro;131.25427246;dbl=tan(dbl1);
22;Micro;102.79935455;dbl=sin(dbl1);
23;Micro;6.32408618;digitalWrite(9,0);
24;Micro;6.45036506;digitalWrite(9,1);
25;Micro;0.12665205;PORTB=PORTB|2;
26;Micro;0.37948012;bool1=PORTB&4;
27;Micro;4.80330801;digitalRead();
28;Micro;110.80710601;analogRead();
29;Micro;92.81644439;b random();
30;Micro;92.33934783;l random();
31;Micro;0.72492370;b min();
32;Micro;1.01504397;if(dbl1<dbl2);;
33;Micro;0.25676391;if(b1<b2);;
34;Micro;1.14164364;abs(int);
35;Micro;1.22236454;constrain(int);
36;Micro;0.72500367;if(b1<b2)..;
37;Micro;0.25304408;fRetByte();
38;Micro;0.50588421;fRetInt();
39;Micro;1.01146805;fRetDbl();
40;Micro;4.11509513;fRetLong();
0;Micro;0.01327333;dummy;
1;Micro;5.43946409;b=b1/b2;
2;Micro;0.63598365;b=b1*b2;
3;Micro;0.44658379;b=b1+b2;
4;Micro;0.13046400;b=gl. var;
5;Micro;0.13046400;b=23;
6;Micro;0.38290395;b=b1 << 4;
7;Micro;0.32014412;b=b1 & 0x01;
8;Micro;0.13018395;b=bit(3);
9;Micro;0.13078397;b=bit(3)+bit(4)+bit(1);
10;Micro;41.14137268;l=l1/l2;
11;Micro;1.77342271;l=l1+l2;
12;Micro;6.13386344;l=l1*l2;
13;Micro;30.98404312;fl=fl1/fl2;
14;Micro;0.76270370;dbl=1.23;
15;Micro;26.36403274;dbl=dbl1/dbl2;
16;Micro;9.29578018;dbl=dbl1*dbl2;
17;Micro;7.98954486;dbl=dbl1+dbl2;
18;Micro;198.41778564;dbl=pow();
19;Micro;151.31282043;dbl=log(dbl2);
20;Micro;25.20963287;dbl=sqrt(dbl1);
21;Micro;133.37364196;dbl=tan(dbl1);
22;Micro;105.00272369;dbl=sin(dbl1);
23;Micro;6.32402610;digitalWrite(9,0);
24;Micro;6.45026206;digitalWrite(9,1);
25;Micro;0.12665199;PORTB=PORTB|2;
26;Micro;0.37945606;bool1=PORTB&4;
27;Micro;4.80334949;digitalRead();
28;Micro;110.80831146;analogRead();
29;Micro;92.82191467;b random();
30;Micro;92.34458160;l random();
31;Micro;0.71922354;b min();
32;Micro;1.01482415;if(dbl1<dbl2);;
33;Micro;0.25646388;if(b1<b2);;
34;Micro;1.14134395;abs(int);
35;Micro;1.20970416;constrain(int);
36;Micro;0.71922373;if(b1<b2)..;
37;Micro;0.25311610;fRetByte();
38;Micro;0.50588026;fRetInt();
39;Micro;1.01144790;fRetDbl();
40;Micro;4.13276815;fRetLong();
0;Micro;0.01327200;dummy;
1;Micro;5.43920040;b=b1/b2;
2;Micro;0.63551831;b=b1*b2;
3;Micro;0.44659862;b=b1+b2;
4;Micro;0.13039865;b=gl. var;
5;Micro;0.13055866;b=23;
6;Micro;0.38375865;b=b1 << 4;
7;Micro;0.31927883;b=b1 & 0x01;
8;Micro;0.13043866;b=bit(3);
9;Micro;0.13043859;b=bit(3)+bit(4)+bit(1);
10;Micro;41.09534835;l=l1/l2;
11;Micro;1.77359762;l=l1+l2;
12;Micro;6.13415670;l=l1*l2;
13;Micro;31.20973968;fl=fl1/fl2;
14;Micro;0.76223845;dbl=1.23;
15;Micro;26.48000907;dbl=dbl1/dbl2;
16;Micro;9.26779556;dbl=dbl1*dbl2;
17;Micro;7.94519996;dbl=dbl1+dbl2;
18;Micro;171.75105285;dbl=pow();
19;Micro;148.79544067;dbl=log(dbl2);
20;Micro;25.14040565;dbl=sqrt(dbl1);
21;Micro;133.90431213;dbl=tan(dbl1);
22;Micro;104.90278625;dbl=sin(dbl1);
23;Micro;6.32388114;digitalWrite(9,0);
24;Micro;6.44931745;digitalWrite(9,1);
25;Micro;0.12666666;PORTB=PORTB|2;
26;Micro;0.37946681;bool1=PORTB&4;
27;Micro;4.80332803;digitalRead();
28;Micro;110.80200195;analogRead();
29;Micro;92.82947540;b random();
30;Micro;92.33789062;l random();
31;Micro;0.72515811;b min();
32;Micro;1.01523888;if(dbl1<dbl2);;
33;Micro;0.25619862;if(b1<b2);;
34;Micro;1.14179837;abs(int);
35;Micro;1.20191884;constrain(int);
36;Micro;0.72519836;if(b1<b2)..;
37;Micro;0.25304279;fRetByte();
38;Micro;0.50589084;fRetInt();
39;Micro;1.01139056;fRetDbl();
40;Micro;3.97987508;fRetLong();

